[
  {
    "curve_type_id": 4,
    "data_type_id": 1
  },
  {
    "curve_type_id": 1,
    "data_type_id": 1
  },
  {
    "curve_type_id": 2,
    "data_type_id": 2
  },
  {
    "curve_type_id": 3,
    "data_type_id": 3
  },
  {
    "curve_type_id": 7,
    "data_type_id": 5
  },
  {
    "curve_type_id": 100,
    "data_type_id": 7
  },
  {
    "curve_type_id": 10,
    "data_type_id": 1
  },
  {
    "curve_type_id": 368,
    "data_type_id": 6
  },
  {
    "curve_type_id": 12,
    "data_type_id": 2
  },
  {
    "curve_type_id": 9,
    "data_type_id": 20
  }
]