[
  {
    "id": 1,
    "name": "Truncate run_date",
    "module_name": "",
    "method_name": "",
    "timezone_enabled": false
  },
  {
    "id": 2,
    "name": "Truncate run_date use sysdate if null",
    "module_name": "",
    "method_name": "",
    "timezone_enabled": false
  },
  {
    "id": 3,
    "name": "Truncate sysdate",
    "module_name": "",
    "method_name": "",
    "timezone_enabled": false
  },
  {
    "id": 5,
    "name": "Early morning utc hour < 5, use trunc(run_date)-1",
    "module_name": "",
    "method_name": "",
    "timezone_enabled": false
  },
  {
    "id": 6,
    "name": "Trunc run_date z2z (using ls timezone settings)",
    "module_name": "",
    "method_name": "",
    "timezone_enabled": true
  },
  {
    "id": 7,
    "name": "Trunc run_date z2z - day off (using ls timezone settings)",
    "module_name": "",
    "method_name": "",
    "timezone_enabled": true
  },
  {
    "id": 8,
    "name": "Trunc run_date +1 dayahead",
    "module_name": "",
    "method_name": "",
    "timezone_enabled": false
  },
  {
    "id": 9,
    "name": "Trunc run_date z2z -6h (using ls timezone settings)",
    "module_name": "",
    "method_name": "",
    "timezone_enabled": true
  },
  {
    "id": 10,
    "name": "Round (sysdate)   Round to daily timeline",
    "module_name": "",
    "method_name": "",
    "timezone_enabled": false
  },
  {
    "id": 11,
    "name": "Truncate run_date to 1st of Month",
    "module_name": "",
    "method_name": "",
    "timezone_enabled": false
  },
  {
    "id": 12,
    "name": "Null as Rundate test r -1",
    "module_name": "",
    "method_name": "",
    "timezone_enabled": false
  },
  {
    "id": 13,
    "name": "Nearest Weather run acc sysdate",
    "module_name": "",
    "method_name": "",
    "timezone_enabled": false
  },
  {
    "id": 14,
    "name": "Local run_date w original hour",
    "module_name": "",
    "method_name": "",
    "timezone_enabled": true
  },
  {
    "id": 15,
    "name": "Truncate to hour using timezones Test TBC",
    "module_name": "",
    "method_name": "",
    "timezone_enabled": true
  },
  {
    "id": 16,
    "name": "pwr-tur-sup-acap-act-tur-new",
    "module_name": "",
    "method_name": "",
    "timezone_enabled": false
  },
  {
    "id": 17,
    "name": "Round down to latest weather forecast avail",
    "module_name": "",
    "method_name": "",
    "timezone_enabled": false
  },
  {
    "id": 19,
    "name": "pwr-conteu-ana-da-ac-acom",
    "module_name": "",
    "method_name": "",
    "timezone_enabled": false
  },
  {
    "id": 20,
    "name": "pwr-bra-sup-hyd-decomp-ree",
    "module_name": "",
    "method_name": "",
    "timezone_enabled": false
  },
  {
    "id": 62,
    "name": "pwr-tur-balancing-new",
    "module_name": "",
    "method_name": "",
    "timezone_enabled": false
  }
]